name,email,phone,mobile,address,city,country,tax_number,payment_terms,contact_person,notes,is_active
شركة التقنية الحديثة للإلكترونيات,info@moderntech.com,0225559999,01011111111,منطقة صناعية - العاشر من رمضان,الشرقية,مصر,111222333,30,أحمد السعيد,مورد رئيسي للإلكترونيات,1
مؤسسة النيل للتجارة,sales@niletrading.com,0233338888,01022222222,25 شارع الصناعة - 6 أكتوبر,الجيزة,مصر,222333444,45,محمد حسن,مستورد معتمد من الصين,1
شركة دلتا للتوريدات,orders@deltasupply.com,0355557777,01033333333,15 شارع النهضة - المنصورة,الدقهلية,مصر,333444555,15,سارة يوسف,توريدات سريعة,1
مجموعة الفا التجارية,info@alphagroup.com,0422226666,01044444444,مدينة نصر - المنطقة الصناعية,القاهرة,مصر,444555666,30,خالد عمر,موزع حصري لـ Samsung,1
شركة أوميجا للاستيراد,import@omega.com,0511115555,01055555555,المنطقة الحرة - الإسكندرية,الإسكندرية,مصر,555666777,60,فاطمة أحمد,مستورد من أمريكا وأوروبا,1
مؤسسة الصفوة للتجهيزات,contact@safwa.com,0688884444,01066666666,شارع الخليج - السويس,السويس,مصر,666777888,30,عمرو رضا,تجهيزات مكتبية,1
شركة الريادة للتسويق,sales@reyada.com,0777773333,01077777777,شارع التحرير - أسوان,أسوان,مصر,777888999,15,هدى محمود,توزيع على مستوى الصعيد,1
مجموعة الإتقان الصناعية,info@itqan.com,0866662222,01088888888,المنطقة الصناعية - بورسعيد,بورسعيد,مصر,888999000,45,ياسر عبدالله,مصنع محلي,1
